<sprites>
    <sprite>
		<id>porta1</id>
		<path>"porta1.bmp"</path>
		<ancho>4000</ancho>
		<alto>4000</alto>
    </sprite>
    <sprite>
        <id>isla1</id>
        <path>"isla1.bmp"</path>
        <ancho>4000</ancho>
        <alto>4000</alto>
    </sprite>
    <sprite>
        <id>isla2</id>
        <path>"isla2.bmp"</path>
        <ancho>4000</ancho>
        <alto>4000</alto>
    </sprite>
    <sprite>
        <id>isla3</id>
        <path>"isla3-chica.bmp"</path>
        <ancho>4000</ancho>
        <alto>4000</alto>
    </sprite>
    <sprite>
        <id>isla4</id>
        <path>"isla4-chica.bmp"</path>
        <ancho>4000</ancho>
        <alto>4000</alto>
    </sprite>
    <sprite>
		<id>agua</id>
		<path>"fondoPantalla4000x4000.bmp"</path>
		<ancho>4000</ancho>
		<alto>4000</alto>
    </sprite>
</sprites>
<escenario>
	<ancho>800</ancho>
	<alto>600</alto>
	<fondo>
		<spriteID>agua</spriteID>
	</fondo>
	<elementos>
		<elemento>
			<spriteID>isla1</spriteID>
			<posicion>
				<x>250</x>
				<y>1800</y>
			</posicion>
		</elemento>
		<elemento>
			<spriteID>isla2</spriteID>
			<posicion>
				<x>450</x>
				<y>2500</y>
			</posicion>
		</elemento>
		<elemento>
			<spriteID>isla3</spriteID>
			<posicion>
				<x>600</x>
				<y>100</y>
			</posicion>
		</elemento>
		<elemento>
			<spriteID>isla4</spriteID>
			<posicion>
				<x>2000</x>
				<y>1100</y>
			</posicion>
		</elemento>
		<elemento>
			<spriteID>porta1</spriteID>
			<posicion>
				<x>500</x>
				<y>500</y>
			</posicion>
		</elemento>
	</elementos>
</escenario>
<avion>
	<velocidadDesplazamiento>10</velocidadDesplazamiento>
	<velocidadDisparos>6</velocidadDisparos>
	<avionSpriteID>AvionSprites</avionSpriteID>
	<vueltaSpriteID>ESTE_CAMPO_NO_IRIA</vueltaSpriteID>
	<disparosSpriteID>bala</disparosSpriteID>
</avion>
<maxClients>2</maxClients>
